{
  "$schema": "https://json-schema.org/draft/2020-12/schema",
  "title": "chunks.jsonl schema",
  "type": "object",
  "required": [
    "chunk_id",
    "doc_id",
    "chunk_index",
    "text",
    "location",
    "structure",
    "language",
    "source",
    "hashes"
  ],
  "properties": {
    "chunk_id": {
      "type": "string"
    },
    "doc_id": {
      "type": "string"
    },
    "chunk_index": {
      "type": "integer",
      "minimum": 0
    },
    "text": {
      "type": "string",
      "minLength": 1
    },
    "location": {
      "type": "object",
      "required": [
        "page_start",
        "page_end"
      ],
      "properties": {
        "page_start": {
          "type": "integer",
          "minimum": 1
        },
        "page_end": {
          "type": "integer",
          "minimum": 1
        }
      },
      "additionalProperties": true
    },
    "structure": {
      "type": "object",
      "required": [
        "section_path",
        "heading"
      ],
      "properties": {
        "section_path": {
          "type": [
            "string",
            "null"
          ]
        },
        "heading": {
          "type": [
            "string",
            "null"
          ]
        }
      },
      "additionalProperties": true
    },
    "language": {
      "type": "string"
    },
    "source": {
      "type": "object",
      "required": [
        "source_url",
        "pdf_url"
      ],
      "properties": {
        "source_url": {
          "type": [
            "string",
            "null"
          ]
        },
        "pdf_url": {
          "type": [
            "string",
            "null"
          ]
        }
      },
      "additionalProperties": true
    },
    "hashes": {
      "type": "object",
      "required": [
        "text_sha256"
      ],
      "properties": {
        "text_sha256": {
          "type": "string"
        }
      },
      "additionalProperties": true
    },
    "tokens_estimate": {
      "type": "integer"
    },
    "citation": {
      "type": "string"
    }
  },
  "additionalProperties": true
}