{
  "$schema": "https://json-schema.org/draft/2020-12/schema",
  "title": "documents.jsonl schema",
  "type": "object",
  "required": [
    "doc_id",
    "title",
    "file_name",
    "language",
    "source",
    "dates",
    "hashes"
  ],
  "properties": {
    "doc_id": {
      "type": "string"
    },
    "title": {
      "type": "string"
    },
    "file_name": {
      "type": "string"
    },
    "language": {
      "type": "string"
    },
    "source": {
      "type": "object",
      "required": [
        "source_type",
        "source_url",
        "pdf_url"
      ],
      "properties": {
        "source_type": {
          "type": "string",
          "enum": [
            "website",
            "file",
            "unknown"
          ]
        },
        "source_url": {
          "type": [
            "string",
            "null"
          ]
        },
        "pdf_url": {
          "type": [
            "string",
            "null"
          ]
        }
      },
      "additionalProperties": true
    },
    "dates": {
      "type": "object",
      "required": [
        "published",
        "ingested"
      ],
      "properties": {
        "published": {
          "type": [
            "string",
            "null"
          ],
          "pattern": "^\\d{4}-\\d{2}-\\d{2}$"
        },
        "published_precision": {
          "type": [
            "string",
            "null"
          ]
        },
        "ingested": {
          "type": "string"
        }
      },
      "additionalProperties": true
    },
    "hashes": {
      "type": "object",
      "required": [
        "pdf_sha256",
        "source_fingerprint"
      ],
      "properties": {
        "pdf_sha256": {
          "type": [
            "string",
            "null"
          ]
        },
        "source_fingerprint": {
          "type": "string"
        }
      },
      "additionalProperties": true
    },
    "publishers": {
      "type": "array",
      "items": {
        "type": "object"
      }
    }
  },
  "additionalProperties": true
}