{
  "$schema": "https://json-schema.org/draft/2020-12/schema",
  "title": "manifest.json schema",
  "type": "object",
  "required": [
    "rag_pack_version",
    "created_at",
    "generator",
    "chunking",
    "counts",
    "checksums"
  ],
  "properties": {
    "rag_pack_version": {
      "type": "string"
    },
    "created_at": {
      "type": "string"
    },
    "generator": {
      "type": "object"
    },
    "chunking": {
      "type": "object"
    },
    "counts": {
      "type": "object"
    },
    "checksums": {
      "type": "object"
    }
  },
  "additionalProperties": true
}